{
  "$schema": "http://json-schema.org/draft-04/schema#",
  "definitions": {
    "OrderUpdateEvent": {
      "type": "object",
      "properties": {
        "orderId": {
          "type": "string"
        },
        "orderValue": {
          "type": "string"
        },
        "campaignId": {
          "type": "string"
        },
        "accountName": {
          "type": "string"
        },
        "salesforceId": {
          "type": "string"
        }
      },
      "required": [
        "orderId",
        "orderValue",
        "accountName",
        "salesforceId"
      ]
    }
  }
}