{
  "swagger" : "2.0",
  "info" : {
    "title" : "Orders",
    "version" : "1.0.0",
    "description" : "Orders"
  },
  "paths" : {
    "/test" : {
      "get" : {
        "operationId" : "getTest",
        "responses" : {
          "200" : {
            "description" : "The operation was successful.",
            "schema" : {
              "$ref" : "#/definitions/getOrderResponse"
            }
          }
        },
        "produces" : [ "application/json" ],
        "description" : "Retrieve test",
        "parameters" : [ {
          "name" : "param1",
          "in" : "query",
          "type" : "string"
        } ]
      }
    },
    "/order" : {
      "post" : {
        "operationId" : "postOrder",
        "responses" : {
          "200" : {
            "description" : "The operation was successful."
          }
        },
        "consumes" : [ "application/json" ],
        "produces" : [ "application/json" ],
        "description" : "Insert a order",
        "parameters" : [ {
          "name" : "body",
          "in" : "body",
          "schema" : {
            "$ref" : "#/definitions/getOrderResponse"
          },
          "description" : "The request body for the operation",
          "required" : true
        } ]
      },
      "delete" : {
        "operationId" : "deleteOrder",
        "responses" : {
          "200" : {
            "description" : "The operation was successful."
          }
        },
        "produces" : [ "application/json" ],
        "description" : "Remove from order",
        "parameters" : [ {
          "name" : "orderId",
          "in" : "query",
          "type" : "string",
          "required" : true
        } ]
      },
      "get" : {
        "operationId" : "getOrder",
        "responses" : {
          "200" : {
            "description" : "The operation was successful.",
            "schema" : {
              "$ref" : "#/definitions/getOrderResponse"
            }
          }
        },
        "produces" : [ "application/json" ],
        "description" : "Retrieve order",
        "parameters" : [ {
          "name" : "orderId",
          "in" : "query",
          "type" : "string",
          "required" : true
        } ]
      }
    },
    "/aggregationtest" : {
      "get" : {
        "operationId" : "getAggregationtest",
        "responses" : {
          "200" : {
            "description" : "The operation was successful.",
            "schema" : {
              "$ref" : "#/definitions/getOrderResponse"
            }
          }
        },
        "produces" : [ "application/json" ],
        "description" : "Retrieve aggregationtest",
        "parameters" : [ {
          "name" : "orderId",
          "in" : "query",
          "type" : "integer",
          "required" : true
        } ]
      }
    }
  },
  "basePath" : "/orders/v1",
  "definitions" : {
    "getOrderResponse" : {
      "type" : "object",
      "properties" : {
        "orderId" : {
          "type" : "integer"
        },
        "accountName" : {
          "type" : "string"
        },
        "lineItems" : {
          "type" : "array",
          "items" : {
            "type" : "object",
            "properties" : {
              "productId" : {
                "type" : "string"
              },
              "quantity" : {
                "type" : "integer"
              },
              "price" : {
                "type" : "integer"
              }
            },
            "required" : [ "productId", "quantity", "price" ]
          }
        },
        "total" : {
          "type" : "integer"
        },
        "status" : {
          "type" : "string"
        },
        "creationDate" : {
          "type" : "string"
        },
        "campaignId" : {
          "type" : [ "string", "null" ]
        },
        "accountDetails" : {
          "type" : "object",
          "properties" : {
            "accountName" : {
              "type" : "string"
            },
            "billingCountry" : {
              "type" : [ "string", "null" ]
            },
            "billingPostalCode" : {
              "type" : [ "string", "null" ]
            },
            "salesforceId" : {
              "type" : "string"
            }
          },
          "required" : [ "accountName", "salesforceId" ]
        }
      },
      "required" : [ "orderId", "accountName", "total", "status", "creationDate" ]
    }
  }
}